mysql> UPDATE Account SET id=9 WHERE id=1;                                                                                               
Query OK, 1 row affected (0.02 sec)
Rows matched: 1  Changed: 1  Warnings: 0

mysql> SELECT * FROM Account;
+----+---------------------------------+-------------+---------------------+---------------------+
| id | email                           | password    | createdOn           | modifiedOn          |
+----+---------------------------------+-------------+---------------------+---------------------+
|  9 | Donec.vitae@Phasellusornare.org | LUW56VCP9SK | 2016-05-16 12:35:09 | 2014-11-15 06:06:53 |
+----+---------------------------------+-------------+---------------------+---------------------+
1 row in set (0.00 sec)

mysql> UPDATE AddressBook SET id=23 WHERE id=1;
Query OK, 1 row affected (0.00 sec)
Rows matched: 1  Changed: 1  Warnings: 0

mysql> SELECT * FROM AddressBook;
+----+-----------+-------------------------+---------------------+---------------------+
| id | accountId | name                    | createdOn           | modifiedOn          |
+----+-----------+-------------------------+---------------------+---------------------+
| 23 |        82 | Non Lobortis Quis Corp. | 2015-04-01 21:57:03 | 2015-04-19 08:47:10 |
+----+-----------+-------------------------+---------------------+---------------------+
1 row in set (0.00 sec)

mysql> UPDATE Entry SET contentLineTwo="Information" WHERE contentLineTwo is NULL;
Query OK, 3 rows affected (0.00 sec)
Rows matched: 3  Changed: 3  Warnings: 0

mysql> SELECT * FROM Entry;
+----+---------------+-----------+----------+---------------------+------+---------+----------------+----------------+------------------+-----------------+-----------------+
| id | addressBookId | firstName | lastName | birthday            | type | subtype | contentLineOne | contentLineTwo | contentLineThree | contentLineFour | contentLineFive |
+----+---------------+-----------+----------+---------------------+------+---------+----------------+----------------+------------------+-----------------+-----------------+
|  1 |            52 | Herrod    | Conrad   | 1973-04-16 13:58:42 | home | phone   | (884) 661-8280 | Information    | NULL             | NULL            | NULL            |
|  2 |            96 | Keane     | Browning | 1962-04-07 20:22:24 | home | phone   | (727) 361-3316 | Information    | NULL             | NULL            | NULL            |
|  3 |            43 | Zoe       | Jacobson | 1955-01-26 17:54:47 | home | phone   | (702) 505-0434 | Information    | NULL             | NULL            | NULL            |
+----+---------------+-----------+----------+---------------------+------+---------+----------------+----------------+------------------+-----------------+-----------------+
3 rows in set (0.00 sec)